service,slo_pct,slo_frac,allowed_min,used_min,remaining_min,burn_pct
frontend,99.0,0.99,432.0000000000004,45.0,387.0000000000004,10.416666666666657
payment_api,99.5,0.995,216.0000000000002,90.0,126.0000000000002,41.66666666666663
backend,99.5,0.995,216.0000000000002,180.0,36.0000000000002,83.33333333333326
catalog,99.95,0.9995,21.59999999999762,20.0,1.599999999997621,92.59259259260278
