service,slo_pct,slo_frac,allowed_min,used_min,remaining_min,burn_pct
frontend,99.95,0.9995,21.59999999999762,12.16,9.439999999997621,56.29629629630249
payment_api,99.9,0.999,43.20000000000004,11.06,32.140000000000036,25.60185185185183
backend,99.9,0.999,43.20000000000004,32.09,11.110000000000035,74.28240740740735
catalog,99.8,0.998,86.40000000000008,101.26,-14.859999999999928,117.19907407407398
